{"cameraMode":{"drawMode":0,"name":"Shaded","section":"Shading Mode"},"sceneLighting":false,"audioPlay":false,"sceneViewState":{"showFog":true,"showMaterialUpdate":false,"showSkybox":false,"showFlares":true,"showImageEffects":true,"showParticleSystems":true},"in2DMode":false,"pivot":{"x":-0.1084454283118248,"y":0.05684265121817589,"z":-0.020186344161629678},"rotation":{"x":-0.1481451839208603,"y":0.039149075746536258,"z":-0.00586917856708169,"w":-0.9881747961044312},"size":0.6023789048194885,"orthographic":false}